<?xml version="1.0" encoding="UTF-8"?>
            <Data>
              <Suppliers>
                <Supplier>
                  <ID>CFC69F90-EF04-4AC4-8380-8687A21B9B78</ID>
                  <Name>Оптима</Name>
                  <Edrpo>21642228</Edrpo>
                </Supplier>
                <Supplier>
                  <ID>96208AED-C7F6-49F6-89D2-2801022063C6</ID>
                  <Name>БАДМ</Name>
                  <Edrpo>31816235</Edrpo>
                </Supplier>
              </Suppliers>
              <Offers>
                <Offer>
                  <Code>238151</Code>
                  <Name>Юмекс,тб,№50</Name>
                  <Producer>Sanofi</Producer>
                  <VAT>20</VAT>
                  <SupplierCodes>
                    <SupplierCode>
                      <ID>CFC69F90-EF04-4AC4-8380-8687A21B9B78</ID>
                      <Code>YUMEX-1</Code>
                    </SupplierCode>
                    <SupplierCode>
                      <ID>96208AED-C7F6-49F6-89D2-2801022063C6</ID>
                      <Code>YUMEX-2</Code>
                    </SupplierCode>
                  </SupplierCodes>
                </Offer>
              </Offers>
            </Data>