<?xml version="1.0" encoding="UTF-8"?>
            <Offers>
              <Offer>
                <Code>ЦБ000017515</Code>
                <Name>Глюкометр Ван Тач Селект Симпл</Name>
                <Producer>Китай</Producer>
                <Tax>7</Tax>
                <Price>466.00</Price>
                <Quantity>1.000</Quantity>
                <PriceReserve>390.10</PriceReserve>
                <Barcode>4030841001825</Barcode>
                <Code1>190996</Code1>
                <Code7>993.0389</Code7>
                <Code9>13372653</Code9>
                <AlsoUnknown>ignored-as-well</AlsoUnknown>
              </Offer>
            </Offers>