<?xml version="1.0" encoding="UTF-8"?>
            <Data>
              <Suppliers>
                <Supplier ID="CFC69F90-EF04-4AC4-8380-8687A21B9B78" Name="Оптима" Edrpo="21642228"/>
                <Supplier ID="96208AED-C7F6-49F6-89D2-2801022063C6" Name="БАДМ" Edrpo="31816235"/>
              </Suppliers>
              <Offers>
                <Offer Code="238151" Name="Юмекс,тб,№50" Producer="Sanofi" VAT="20">
                  <SupplierCodes>
                    <SupplierCode ID="CFC69F90-EF04-4AC4-8380-8687A21B9B78" Code="YUMEX-1"/>
                    <SupplierCode ID="96208AED-C7F6-49F6-89D2-2801022063C6" Code="YUMEX-2"/>
                  </SupplierCodes>
                </Offer>
              </Offers>
            </Data>